participant_id	original_participant_id	species	sex
sub-1001658946	sub-1001658946	Mus musculus	M
sub-1001658958	sub-1001658958	Mus musculus	M
sub-599387254	sub-599387254	Mus musculus	M
sub-601462915	sub-601462915	Mus musculus	M
sub-601462926	sub-601462926	Mus musculus	M
sub-601462951	sub-601462951	Mus musculus	F
sub-603513520	sub-603513520	Mus musculus	M
sub-603513553	sub-603513553	Mus musculus	M
sub-604669385	sub-604669385	Mus musculus	M
sub-605770584	sub-605770584	Mus musculus	M
sub-610663829	sub-610663829	Mus musculus	M
sub-610663879	sub-610663879	Mus musculus	F
sub-610663885	sub-610663885	Mus musculus	F
sub-610663891	sub-610663891	Mus musculus	F
sub-612905668	sub-612905668	Mus musculus	F
sub-617297304	sub-617297304	Mus musculus	M
sub-617297314	sub-617297314	Mus musculus	M
sub-617297324	sub-617297324	Mus musculus	F
sub-617297334	sub-617297334	Mus musculus	F
sub-617297348	sub-617297348	Mus musculus	F
sub-626194690	sub-626194690	Mus musculus	M
sub-626194701	sub-626194701	Mus musculus	F
sub-626194722	sub-626194722	Mus musculus	F
sub-626194732	sub-626194732	Mus musculus	F
sub-626194774	sub-626194774	Mus musculus	F
sub-626194785	sub-626194785	Mus musculus	M
sub-626194816	sub-626194816	Mus musculus	M
sub-626194826	sub-626194826	Mus musculus	M
sub-636828314	sub-636828314	Mus musculus	M
sub-637383917	sub-637383917	Mus musculus	M
sub-637383947	sub-637383947	Mus musculus	M
sub-637383957	sub-637383957	Mus musculus	F
sub-637383967	sub-637383967	Mus musculus	M
sub-637383977	sub-637383977	Mus musculus	F
sub-637383987	sub-637383987	Mus musculus	F
sub-637383997	sub-637383997	Mus musculus	M
sub-637384003	sub-637384003	Mus musculus	M
sub-637384133	sub-637384133	Mus musculus	M
sub-639033189	sub-639033189	Mus musculus	F
sub-639390385	sub-639390385	Mus musculus	M
sub-639390395	sub-639390395	Mus musculus	F
sub-639391169	sub-639391169	Mus musculus	F
sub-639391179	sub-639391179	Mus musculus	F
sub-639391189	sub-639391189	Mus musculus	M
sub-639391267	sub-639391267	Mus musculus	M
sub-639391277	sub-639391277	Mus musculus	F
sub-639391289	sub-639391289	Mus musculus	F
sub-639391586	sub-639391586	Mus musculus	F
sub-639391596	sub-639391596	Mus musculus	F
sub-639391815	sub-639391815	Mus musculus	F
sub-639391825	sub-639391825	Mus musculus	M
sub-639391835	sub-639391835	Mus musculus	F
sub-640279025	sub-640279025	Mus musculus	M
sub-640279035	sub-640279035	Mus musculus	M
sub-640279055	sub-640279055	Mus musculus	F
sub-640279075	sub-640279075	Mus musculus	M
sub-640279085	sub-640279085	Mus musculus	M
sub-640279105	sub-640279105	Mus musculus	M
sub-640279115	sub-640279115	Mus musculus	F
sub-640279125	sub-640279125	Mus musculus	M
sub-640279135	sub-640279135	Mus musculus	M
sub-640279145	sub-640279145	Mus musculus	F
sub-642979180	sub-642979180	Mus musculus	M
sub-642979203	sub-642979203	Mus musculus	M
sub-642979214	sub-642979214	Mus musculus	M
sub-642979261	sub-642979261	Mus musculus	M
sub-642979333	sub-642979333	Mus musculus	F
sub-642979348	sub-642979348	Mus musculus	F
sub-642979397	sub-642979397	Mus musculus	F
sub-642979415	sub-642979415	Mus musculus	M
sub-642979428	sub-642979428	Mus musculus	M
sub-642979440	sub-642979440	Mus musculus	M
sub-642979453	sub-642979453	Mus musculus	F
sub-642992286	sub-642992286	Mus musculus	F
sub-642992296	sub-642992296	Mus musculus	F
sub-643830346	sub-643830346	Mus musculus	M
sub-643830358	sub-643830358	Mus musculus	F
sub-643830371	sub-643830371	Mus musculus	F
sub-643830382	sub-643830382	Mus musculus	M
sub-643830392	sub-643830392	Mus musculus	M
sub-643830402	sub-643830402	Mus musculus	M
sub-643830412	sub-643830412	Mus musculus	F
sub-643830424	sub-643830424	Mus musculus	F
sub-643830436	sub-643830436	Mus musculus	F
sub-643830448	sub-643830448	Mus musculus	M
sub-643830459	sub-643830459	Mus musculus	F
sub-643830470	sub-643830470	Mus musculus	M
sub-643830482	sub-643830482	Mus musculus	M
sub-643830492	sub-643830492	Mus musculus	F
sub-644234847	sub-644234847	Mus musculus	F
sub-644988784	sub-644988784	Mus musculus	M
sub-644988797	sub-644988797	Mus musculus	M
sub-644988807	sub-644988807	Mus musculus	F
sub-645093237	sub-645093237	Mus musculus	M
sub-645093249	sub-645093249	Mus musculus	F
sub-645665001	sub-645665001	Mus musculus	F
sub-645665011	sub-645665011	Mus musculus	F
sub-645665021	sub-645665021	Mus musculus	F
sub-645665031	sub-645665031	Mus musculus	M
sub-645665042	sub-645665042	Mus musculus	F
sub-645665052	sub-645665052	Mus musculus	F
sub-645665062	sub-645665062	Mus musculus	F
sub-645665144	sub-645665144	Mus musculus	F
sub-647700009	sub-647700009	Mus musculus	M
sub-647700019	sub-647700019	Mus musculus	M
sub-647700029	sub-647700029	Mus musculus	M
sub-647700042	sub-647700042	Mus musculus	F
sub-648085025	sub-648085025	Mus musculus	F
sub-648085040	sub-648085040	Mus musculus	F
sub-648085069	sub-648085069	Mus musculus	M
sub-648085081	sub-648085081	Mus musculus	F
sub-648085117	sub-648085117	Mus musculus	M
sub-648086978	sub-648086978	Mus musculus	M
sub-648086990	sub-648086990	Mus musculus	F
sub-648087026	sub-648087026	Mus musculus	M
sub-648087036	sub-648087036	Mus musculus	M
sub-648087076	sub-648087076	Mus musculus	F
sub-648087096	sub-648087096	Mus musculus	M
sub-650040473	sub-650040473	Mus musculus	M
sub-650040483	sub-650040483	Mus musculus	M
sub-650040503	sub-650040503	Mus musculus	M
sub-650040513	sub-650040513	Mus musculus	M
sub-650040525	sub-650040525	Mus musculus	F
sub-650040638	sub-650040638	Mus musculus	M
sub-650040648	sub-650040648	Mus musculus	F
sub-650040658	sub-650040658	Mus musculus	F
sub-650040668	sub-650040668	Mus musculus	M
sub-650040692	sub-650040692	Mus musculus	M
sub-650125704	sub-650125704	Mus musculus	M
sub-650868765	sub-650868765	Mus musculus	M
sub-650868785	sub-650868785	Mus musculus	M
sub-650868795	sub-650868795	Mus musculus	F
sub-650868805	sub-650868805	Mus musculus	M
sub-650868815	sub-650868815	Mus musculus	M
sub-650868825	sub-650868825	Mus musculus	F
sub-650868847	sub-650868847	Mus musculus	F
sub-650869025	sub-650869025	Mus musculus	F
sub-650869035	sub-650869035	Mus musculus	F
sub-650869055	sub-650869055	Mus musculus	F
sub-650869065	sub-650869065	Mus musculus	F
sub-650869095	sub-650869095	Mus musculus	M
sub-652361164	sub-652361164	Mus musculus	M
sub-652361174	sub-652361174	Mus musculus	M
sub-652361194	sub-652361194	Mus musculus	M
sub-652361281	sub-652361281	Mus musculus	M
sub-652361291	sub-652361291	Mus musculus	M
sub-652361301	sub-652361301	Mus musculus	M
sub-652361311	sub-652361311	Mus musculus	F
sub-652361321	sub-652361321	Mus musculus	F
sub-652361331	sub-652361331	Mus musculus	M
sub-652361353	sub-652361353	Mus musculus	F
sub-653545469	sub-653545469	Mus musculus	M
sub-653545475	sub-653545475	Mus musculus	M
sub-653545481	sub-653545481	Mus musculus	F
sub-653545521	sub-653545521	Mus musculus	M
sub-653545528	sub-653545528	Mus musculus	F
sub-653545721	sub-653545721	Mus musculus	M
sub-653545733	sub-653545733	Mus musculus	F
sub-653545757	sub-653545757	Mus musculus	F
sub-653545820	sub-653545820	Mus musculus	M
sub-653545830	sub-653545830	Mus musculus	F
sub-656436784	sub-656436784	Mus musculus	M
sub-656436795	sub-656436795	Mus musculus	F
sub-656436807	sub-656436807	Mus musculus	F
sub-656436817	sub-656436817	Mus musculus	F
sub-656436829	sub-656436829	Mus musculus	F
sub-656436840	sub-656436840	Mus musculus	F
sub-656436853	sub-656436853	Mus musculus	F
sub-656436866	sub-656436866	Mus musculus	M
sub-656436893	sub-656436893	Mus musculus	M
sub-656436915	sub-656436915	Mus musculus	M
sub-656436926	sub-656436926	Mus musculus	M
sub-656436937	sub-656436937	Mus musculus	F
sub-656436947	sub-656436947	Mus musculus	M
sub-656436961	sub-656436961	Mus musculus	M
sub-656436967	sub-656436967	Mus musculus	F
sub-656436974	sub-656436974	Mus musculus	F
sub-656841447	sub-656841447	Mus musculus	M
sub-656841465	sub-656841465	Mus musculus	M
sub-656841505	sub-656841505	Mus musculus	M
sub-656841515	sub-656841515	Mus musculus	M
sub-656841535	sub-656841535	Mus musculus	F
sub-656841567	sub-656841567	Mus musculus	M
sub-656854238	sub-656854238	Mus musculus	M
sub-656854248	sub-656854248	Mus musculus	M
sub-657069410	sub-657069410	Mus musculus	M
sub-657069420	sub-657069420	Mus musculus	F
sub-657069440	sub-657069440	Mus musculus	F
sub-657498755	sub-657498755	Mus musculus	M
sub-657609919	sub-657609919	Mus musculus	F
sub-657609931	sub-657609931	Mus musculus	M
sub-657609943	sub-657609943	Mus musculus	F
sub-657609967	sub-657609967	Mus musculus	F
sub-657609979	sub-657609979	Mus musculus	F
sub-657609991	sub-657609991	Mus musculus	F
sub-657610003	sub-657610003	Mus musculus	M
sub-657610013	sub-657610013	Mus musculus	M
sub-657610023	sub-657610023	Mus musculus	F
sub-657610043	sub-657610043	Mus musculus	M
sub-657610053	sub-657610053	Mus musculus	M
sub-657610063	sub-657610063	Mus musculus	F
sub-657610073	sub-657610073	Mus musculus	F
sub-657610083	sub-657610083	Mus musculus	F
sub-657610093	sub-657610093	Mus musculus	F
sub-657610404	sub-657610404	Mus musculus	F
sub-658360482	sub-658360482	Mus musculus	M
sub-658360512	sub-658360512	Mus musculus	M
sub-658360522	sub-658360522	Mus musculus	F
sub-658360532	sub-658360532	Mus musculus	F
sub-658360542	sub-658360542	Mus musculus	M
sub-658360552	sub-658360552	Mus musculus	F
sub-658360562	sub-658360562	Mus musculus	F
sub-658360572	sub-658360572	Mus musculus	F
sub-658360582	sub-658360582	Mus musculus	M
sub-658360606	sub-658360606	Mus musculus	F
sub-658360616	sub-658360616	Mus musculus	M
sub-658360656	sub-658360656	Mus musculus	F
sub-660204185	sub-660204185	Mus musculus	F
sub-660204215	sub-660204215	Mus musculus	M
sub-660204237	sub-660204237	Mus musculus	F
sub-660204261	sub-660204261	Mus musculus	F
sub-660204283	sub-660204283	Mus musculus	F
sub-660204332	sub-660204332	Mus musculus	M
sub-660204353	sub-660204353	Mus musculus	M
sub-660204374	sub-660204374	Mus musculus	M
sub-660204397	sub-660204397	Mus musculus	M
sub-660204421	sub-660204421	Mus musculus	M
sub-660204570	sub-660204570	Mus musculus	M
sub-660204595	sub-660204595	Mus musculus	F
sub-661397544	sub-661397544	Mus musculus	M
sub-661397554	sub-661397554	Mus musculus	M
sub-663393304	sub-663393304	Mus musculus	M
sub-663393316	sub-663393316	Mus musculus	M
sub-663393328	sub-663393328	Mus musculus	F
sub-663393340	sub-663393340	Mus musculus	F
sub-663393352	sub-663393352	Mus musculus	F
sub-663393364	sub-663393364	Mus musculus	F
sub-663393376	sub-663393376	Mus musculus	M
sub-663393388	sub-663393388	Mus musculus	M
sub-663393400	sub-663393400	Mus musculus	F
sub-666414024	sub-666414024	Mus musculus	F
sub-666414034	sub-666414034	Mus musculus	F
sub-666414056	sub-666414056	Mus musculus	F
sub-666414066	sub-666414066	Mus musculus	F
sub-666414077	sub-666414077	Mus musculus	M
sub-666414087	sub-666414087	Mus musculus	M
sub-666414099	sub-666414099	Mus musculus	M
sub-666414113	sub-666414113	Mus musculus	F
sub-666414134	sub-666414134	Mus musculus	F
sub-666414145	sub-666414145	Mus musculus	F
sub-668456773	sub-668456773	Mus musculus	F
sub-668456783	sub-668456783	Mus musculus	M
sub-668456803	sub-668456803	Mus musculus	M
sub-668456813	sub-668456813	Mus musculus	M
sub-668456824	sub-668456824	Mus musculus	M
sub-668456834	sub-668456834	Mus musculus	M
sub-668456846	sub-668456846	Mus musculus	M
sub-668456884	sub-668456884	Mus musculus	F
sub-668456896	sub-668456896	Mus musculus	M
sub-668456908	sub-668456908	Mus musculus	M
sub-670689739	sub-670689739	Mus musculus	F
sub-670689759	sub-670689759	Mus musculus	F
sub-670689779	sub-670689779	Mus musculus	M
sub-670689800	sub-670689800	Mus musculus	M
sub-670689819	sub-670689819	Mus musculus	M
sub-670689839	sub-670689839	Mus musculus	F
sub-670689853	sub-670689853	Mus musculus	F
sub-670689897	sub-670689897	Mus musculus	M
sub-670689918	sub-670689918	Mus musculus	M
sub-670689966	sub-670689966	Mus musculus	F
sub-670689987	sub-670689987	Mus musculus	M
sub-670690010	sub-670690010	Mus musculus	M
sub-670690034	sub-670690034	Mus musculus	M
sub-670833565	sub-670833565	Mus musculus	M
sub-673134008	sub-673134008	Mus musculus	F
sub-673134018	sub-673134018	Mus musculus	F
sub-673134052	sub-673134052	Mus musculus	F
sub-673134072	sub-673134072	Mus musculus	M
sub-673134082	sub-673134082	Mus musculus	F
sub-673134092	sub-673134092	Mus musculus	F
sub-673134102	sub-673134102	Mus musculus	F
sub-673134113	sub-673134113	Mus musculus	M
sub-673135464	sub-673135464	Mus musculus	M
sub-673135474	sub-673135474	Mus musculus	F
sub-673135504	sub-673135504	Mus musculus	F
sub-673135516	sub-673135516	Mus musculus	F
sub-673135540	sub-673135540	Mus musculus	F
sub-676523116	sub-676523116	Mus musculus	F
sub-676930727	sub-676930727	Mus musculus	F
sub-677346941	sub-677346941	Mus musculus	M
sub-677854910	sub-677854910	Mus musculus	M
sub-677854952	sub-677854952	Mus musculus	F
sub-677854978	sub-677854978	Mus musculus	F
sub-677855003	sub-677855003	Mus musculus	F
sub-677855172	sub-677855172	Mus musculus	F
sub-677855197	sub-677855197	Mus musculus	F
sub-677855275	sub-677855275	Mus musculus	M
sub-677855323	sub-677855323	Mus musculus	F
sub-677959339	sub-677959339	Mus musculus	M
sub-677961492	sub-677961492	Mus musculus	M
sub-679293588	sub-679293588	Mus musculus	M
sub-679618534	sub-679618534	Mus musculus	M
sub-679618544	sub-679618544	Mus musculus	M
sub-679618558	sub-679618558	Mus musculus	M
sub-679618571	sub-679618571	Mus musculus	M
sub-679618611	sub-679618611	Mus musculus	M
sub-679618631	sub-679618631	Mus musculus	M
sub-679742038	sub-679742038	Mus musculus	M
sub-679829560	sub-679829560	Mus musculus	M
sub-679874327	sub-679874327	Mus musculus	F
sub-680614572	sub-680614572	Mus musculus	F
sub-680735242	sub-680735242	Mus musculus	M
sub-680823130	sub-680823130	Mus musculus	M
sub-680831299	sub-680831299	Mus musculus	F
sub-680831309	sub-680831309	Mus musculus	M
sub-680831329	sub-680831329	Mus musculus	M
sub-680831348	sub-680831348	Mus musculus	M
sub-682365442	sub-682365442	Mus musculus	M
sub-682365473	sub-682365473	Mus musculus	M
sub-682365560	sub-682365560	Mus musculus	F
sub-682365580	sub-682365580	Mus musculus	M
sub-682365620	sub-682365620	Mus musculus	M
sub-682365655	sub-682365655	Mus musculus	F
sub-682365711	sub-682365711	Mus musculus	F
sub-682365750	sub-682365750	Mus musculus	F
sub-682365774	sub-682365774	Mus musculus	M
sub-682365796	sub-682365796	Mus musculus	F
sub-682365806	sub-682365806	Mus musculus	M
sub-682365819	sub-682365819	Mus musculus	M
sub-682365830	sub-682365830	Mus musculus	F
sub-682365841	sub-682365841	Mus musculus	M
sub-682365852	sub-682365852	Mus musculus	F
sub-682365862	sub-682365862	Mus musculus	M
sub-682365875	sub-682365875	Mus musculus	M
sub-684664075	sub-684664075	Mus musculus	M
sub-689436770	sub-689436770	Mus musculus	F
sub-689437163	sub-689437163	Mus musculus	F
sub-689437173	sub-689437173	Mus musculus	F
sub-689440666	sub-689440666	Mus musculus	M
sub-689440687	sub-689440687	Mus musculus	M
sub-689440726	sub-689440726	Mus musculus	M
sub-689440847	sub-689440847	Mus musculus	M
sub-689440869	sub-689440869	Mus musculus	M
sub-689440889	sub-689440889	Mus musculus	F
sub-689440971	sub-689440971	Mus musculus	M
sub-689595066	sub-689595066	Mus musculus	F
sub-689595077	sub-689595077	Mus musculus	F
sub-689595088	sub-689595088	Mus musculus	M
sub-689595099	sub-689595099	Mus musculus	M
sub-689595109	sub-689595109	Mus musculus	F
sub-689763228	sub-689763228	Mus musculus	M
sub-690510675	sub-690510675	Mus musculus	F
sub-690919641	sub-690919641	Mus musculus	M
sub-690919651	sub-690919651	Mus musculus	F
sub-693123059	sub-693123059	Mus musculus	F
sub-693123083	sub-693123083	Mus musculus	M
sub-693123099	sub-693123099	Mus musculus	M
sub-693123128	sub-693123128	Mus musculus	F
sub-693123220	sub-693123220	Mus musculus	F
sub-693264805	sub-693264805	Mus musculus	M
sub-693264825	sub-693264825	Mus musculus	F
sub-693351923	sub-693351923	Mus musculus	M
sub-693351935	sub-693351935	Mus musculus	M
sub-696533163	sub-696533163	Mus musculus	M
sub-696533173	sub-696533173	Mus musculus	F
sub-696533183	sub-696533183	Mus musculus	F
sub-696533193	sub-696533193	Mus musculus	M
sub-696533203	sub-696533203	Mus musculus	M
sub-696533213	sub-696533213	Mus musculus	F
sub-696533223	sub-696533223	Mus musculus	F
sub-696533233	sub-696533233	Mus musculus	M
sub-696533243	sub-696533243	Mus musculus	F
sub-696533253	sub-696533253	Mus musculus	M
sub-696533265	sub-696533265	Mus musculus	F
sub-697958018	sub-697958018	Mus musculus	F
sub-699347605	sub-699347605	Mus musculus	F
sub-699347627	sub-699347627	Mus musculus	F
sub-699347648	sub-699347648	Mus musculus	M
sub-699347678	sub-699347678	Mus musculus	M
sub-699357433	sub-699357433	Mus musculus	M
sub-700086487	sub-700086487	Mus musculus	M
sub-700086507	sub-700086507	Mus musculus	F
sub-700086520	sub-700086520	Mus musculus	F
sub-700086539	sub-700086539	Mus musculus	F
sub-700086553	sub-700086553	Mus musculus	F
sub-701146892	sub-701146892	Mus musculus	M
sub-701146902	sub-701146902	Mus musculus	F
sub-701146912	sub-701146912	Mus musculus	M
sub-701146922	sub-701146922	Mus musculus	M
sub-701146932	sub-701146932	Mus musculus	M
sub-701146942	sub-701146942	Mus musculus	M
sub-701146952	sub-701146952	Mus musculus	M
sub-701146962	sub-701146962	Mus musculus	M
sub-701146972	sub-701146972	Mus musculus	M
sub-701146982	sub-701146982	Mus musculus	F
sub-701146992	sub-701146992	Mus musculus	F
sub-701147002	sub-701147002	Mus musculus	F
sub-701147026	sub-701147026	Mus musculus	F
sub-703285795	sub-703285795	Mus musculus	M
sub-703285805	sub-703285805	Mus musculus	M
sub-703285815	sub-703285815	Mus musculus	F
sub-703285825	sub-703285825	Mus musculus	F
sub-703285835	sub-703285835	Mus musculus	F
sub-703285845	sub-703285845	Mus musculus	F
sub-703285861	sub-703285861	Mus musculus	F
sub-703285871	sub-703285871	Mus musculus	F
sub-703285893	sub-703285893	Mus musculus	F
sub-705968814	sub-705968814	Mus musculus	M
sub-705968822	sub-705968822	Mus musculus	F
sub-705968830	sub-705968830	Mus musculus	F
sub-705968846	sub-705968846	Mus musculus	F
sub-705968856	sub-705968856	Mus musculus	F
sub-705968866	sub-705968866	Mus musculus	M
sub-705968886	sub-705968886	Mus musculus	F
sub-705968896	sub-705968896	Mus musculus	F
sub-705968928	sub-705968928	Mus musculus	M
sub-705968940	sub-705968940	Mus musculus	M
sub-705968950	sub-705968950	Mus musculus	M
sub-706395435	sub-706395435	Mus musculus	M
sub-706395456	sub-706395456	Mus musculus	F
sub-710168752	sub-710168752	Mus musculus	M
sub-710327092	sub-710327092	Mus musculus	M
sub-710327102	sub-710327102	Mus musculus	F
sub-710327122	sub-710327122	Mus musculus	M
sub-710327144	sub-710327144	Mus musculus	F
sub-710327154	sub-710327154	Mus musculus	F
sub-710327166	sub-710327166	Mus musculus	F
sub-710327176	sub-710327176	Mus musculus	F
sub-710327400	sub-710327400	Mus musculus	M
sub-710328048	sub-710328048	Mus musculus	M
sub-710328058	sub-710328058	Mus musculus	F
sub-710328068	sub-710328068	Mus musculus	M
sub-710328078	sub-710328078	Mus musculus	M
sub-712195461	sub-712195461	Mus musculus	F
sub-712195471	sub-712195471	Mus musculus	F
sub-712195481	sub-712195481	Mus musculus	M
sub-712195491	sub-712195491	Mus musculus	F
sub-712195501	sub-712195501	Mus musculus	M
sub-712195511	sub-712195511	Mus musculus	M
sub-712195521	sub-712195521	Mus musculus	F
sub-712195531	sub-712195531	Mus musculus	F
sub-712195740	sub-712195740	Mus musculus	M
sub-712195772	sub-712195772	Mus musculus	M
sub-712195782	sub-712195782	Mus musculus	M
sub-712195792	sub-712195792	Mus musculus	F
sub-712452501	sub-712452501	Mus musculus	M
sub-712452512	sub-712452512	Mus musculus	M
sub-714724486	sub-714724486	Mus musculus	M
sub-714724499	sub-714724499	Mus musculus	F
sub-714724521	sub-714724521	Mus musculus	M
sub-714724552	sub-714724552	Mus musculus	M
sub-714724565	sub-714724565	Mus musculus	M
sub-714724580	sub-714724580	Mus musculus	M
sub-716273732	sub-716273732	Mus musculus	M
sub-716595500	sub-716595500	Mus musculus	M
sub-716595510	sub-716595510	Mus musculus	M
sub-716595522	sub-716595522	Mus musculus	M
sub-716842978	sub-716842978	Mus musculus	M
sub-716842998	sub-716842998	Mus musculus	M
sub-716843008	sub-716843008	Mus musculus	M
sub-716843028	sub-716843028	Mus musculus	F
sub-716843159	sub-716843159	Mus musculus	M
sub-716843169	sub-716843169	Mus musculus	F
sub-717036602	sub-717036602	Mus musculus	F
sub-717036612	sub-717036612	Mus musculus	F
sub-717036622	sub-717036622	Mus musculus	F
sub-717036642	sub-717036642	Mus musculus	M
sub-718570265	sub-718570265	Mus musculus	M
sub-718922629	sub-718922629	Mus musculus	M
sub-718922639	sub-718922639	Mus musculus	F
sub-718922649	sub-718922649	Mus musculus	F
sub-718922659	sub-718922659	Mus musculus	F
sub-718922669	sub-718922669	Mus musculus	M
sub-718922679	sub-718922679	Mus musculus	F
sub-718922689	sub-718922689	Mus musculus	M
sub-718922709	sub-718922709	Mus musculus	M
sub-718922733	sub-718922733	Mus musculus	F
sub-718922745	sub-718922745	Mus musculus	M
sub-718922958	sub-718922958	Mus musculus	M
sub-718922968	sub-718922968	Mus musculus	F
sub-719348857	sub-719348857	Mus musculus	M
sub-721974328	sub-721974328	Mus musculus	F
sub-721974338	sub-721974338	Mus musculus	M
sub-721974358	sub-721974358	Mus musculus	M
sub-721974368	sub-721974368	Mus musculus	F
sub-721974378	sub-721974378	Mus musculus	F
sub-721974390	sub-721974390	Mus musculus	M
sub-721974402	sub-721974402	Mus musculus	M
sub-721974414	sub-721974414	Mus musculus	F
sub-721974426	sub-721974426	Mus musculus	M
sub-721974688	sub-721974688	Mus musculus	M
sub-721974698	sub-721974698	Mus musculus	F
sub-724623712	sub-724623712	Mus musculus	M
sub-724623723	sub-724623723	Mus musculus	M
sub-724623734	sub-724623734	Mus musculus	M
sub-724623745	sub-724623745	Mus musculus	M
sub-724623755	sub-724623755	Mus musculus	F
sub-724623777	sub-724623777	Mus musculus	F
sub-724623850	sub-724623850	Mus musculus	M
sub-724625943	sub-724625943	Mus musculus	M
sub-724625970	sub-724625970	Mus musculus	M
sub-728913614	sub-728913614	Mus musculus	F
sub-728913624	sub-728913624	Mus musculus	F
sub-729725803	sub-729725803	Mus musculus	M
sub-729725832	sub-729725832	Mus musculus	M
sub-729729896	sub-729729896	Mus musculus	F
sub-729729908	sub-729729908	Mus musculus	F
sub-729729920	sub-729729920	Mus musculus	F
sub-729729930	sub-729729930	Mus musculus	F
sub-729731661	sub-729731661	Mus musculus	F
sub-729731676	sub-729731676	Mus musculus	M
sub-729731691	sub-729731691	Mus musculus	F
sub-729731705	sub-729731705	Mus musculus	F
sub-729731722	sub-729731722	Mus musculus	F
sub-729731768	sub-729731768	Mus musculus	F
sub-729731783	sub-729731783	Mus musculus	F
sub-729731798	sub-729731798	Mus musculus	M
sub-729731829	sub-729731829	Mus musculus	M
sub-732239826	sub-732239826	Mus musculus	F
sub-732239838	sub-732239838	Mus musculus	F
sub-732239848	sub-732239848	Mus musculus	F
sub-732239858	sub-732239858	Mus musculus	M
sub-732239870	sub-732239870	Mus musculus	M
sub-732239880	sub-732239880	Mus musculus	M
sub-732239902	sub-732239902	Mus musculus	F
sub-732239914	sub-732239914	Mus musculus	F
sub-732239924	sub-732239924	Mus musculus	F
sub-732239936	sub-732239936	Mus musculus	F
sub-732239946	sub-732239946	Mus musculus	M
sub-732239966	sub-732239966	Mus musculus	F
sub-732239976	sub-732239976	Mus musculus	F
sub-732240457	sub-732240457	Mus musculus	M
sub-732240469	sub-732240469	Mus musculus	M
sub-732240481	sub-732240481	Mus musculus	F
sub-732240491	sub-732240491	Mus musculus	F
sub-732240501	sub-732240501	Mus musculus	F
sub-737379049	sub-737379049	Mus musculus	M
sub-737379073	sub-737379073	Mus musculus	M
sub-737379098	sub-737379098	Mus musculus	M
sub-737379123	sub-737379123	Mus musculus	F
sub-737379173	sub-737379173	Mus musculus	M
sub-737379189	sub-737379189	Mus musculus	F
sub-737379214	sub-737379214	Mus musculus	F
sub-737379242	sub-737379242	Mus musculus	F
sub-737379272	sub-737379272	Mus musculus	M
sub-737379319	sub-737379319	Mus musculus	M
sub-737379338	sub-737379338	Mus musculus	M
sub-737379362	sub-737379362	Mus musculus	F
sub-737382236	sub-737382236	Mus musculus	M
sub-737382253	sub-737382253	Mus musculus	M
sub-737382273	sub-737382273	Mus musculus	M
sub-737382291	sub-737382291	Mus musculus	F
sub-737835559	sub-737835559	Mus musculus	F
sub-740369766	sub-740369766	Mus musculus	M
sub-740369772	sub-740369772	Mus musculus	M
sub-740369784	sub-740369784	Mus musculus	F
sub-740369796	sub-740369796	Mus musculus	M
sub-740369808	sub-740369808	Mus musculus	M
sub-740369820	sub-740369820	Mus musculus	M
sub-740369830	sub-740369830	Mus musculus	F
sub-740369840	sub-740369840	Mus musculus	F
sub-740369870	sub-740369870	Mus musculus	F
sub-740369890	sub-740369890	Mus musculus	M
sub-740370149	sub-740370149	Mus musculus	F
sub-740370161	sub-740370161	Mus musculus	F
sub-740370173	sub-740370173	Mus musculus	M
sub-740370185	sub-740370185	Mus musculus	M
sub-740370195	sub-740370195	Mus musculus	M
sub-743050319	sub-743050319	Mus musculus	M
sub-743050332	sub-743050332	Mus musculus	F
sub-743050344	sub-743050344	Mus musculus	F
sub-743050366	sub-743050366	Mus musculus	F
sub-743050389	sub-743050389	Mus musculus	F
sub-743050401	sub-743050401	Mus musculus	F
sub-743050413	sub-743050413	Mus musculus	M
sub-743050689	sub-743050689	Mus musculus	M
sub-743050716	sub-743050716	Mus musculus	M
sub-743050742	sub-743050742	Mus musculus	M
sub-746220061	sub-746220061	Mus musculus	M
sub-746220071	sub-746220071	Mus musculus	M
sub-746220081	sub-746220081	Mus musculus	F
sub-746220091	sub-746220091	Mus musculus	M
sub-746220101	sub-746220101	Mus musculus	F
sub-746220113	sub-746220113	Mus musculus	M
sub-746220123	sub-746220123	Mus musculus	M
sub-746220133	sub-746220133	Mus musculus	M
sub-746220143	sub-746220143	Mus musculus	M
sub-746220153	sub-746220153	Mus musculus	F
sub-746220165	sub-746220165	Mus musculus	F
sub-746220175	sub-746220175	Mus musculus	M
sub-746220185	sub-746220185	Mus musculus	M
sub-746220755	sub-746220755	Mus musculus	F
sub-746220783	sub-746220783	Mus musculus	F
sub-746220809	sub-746220809	Mus musculus	M
sub-749940646	sub-749940646	Mus musculus	F
sub-750787635	sub-750787635	Mus musculus	M
sub-750787647	sub-750787647	Mus musculus	M
sub-750787657	sub-750787657	Mus musculus	F
sub-750787667	sub-750787667	Mus musculus	F
sub-750787689	sub-750787689	Mus musculus	M
sub-750787701	sub-750787701	Mus musculus	F
sub-750787711	sub-750787711	Mus musculus	M
sub-750787721	sub-750787721	Mus musculus	F
sub-750787733	sub-750787733	Mus musculus	M
sub-750787758	sub-750787758	Mus musculus	F
sub-750787982	sub-750787982	Mus musculus	M
sub-750787992	sub-750787992	Mus musculus	M
sub-750788002	sub-750788002	Mus musculus	F
sub-750788012	sub-750788012	Mus musculus	F
sub-750789321	sub-750789321	Mus musculus	F
sub-750789345	sub-750789345	Mus musculus	F
sub-755664397	sub-755664397	Mus musculus	F
sub-755664407	sub-755664407	Mus musculus	M
sub-755664417	sub-755664417	Mus musculus	F
sub-755664513	sub-755664513	Mus musculus	M
sub-755664525	sub-755664525	Mus musculus	M
sub-755664549	sub-755664549	Mus musculus	F
sub-755664559	sub-755664559	Mus musculus	M
sub-755664569	sub-755664569	Mus musculus	M
sub-755664579	sub-755664579	Mus musculus	M
sub-755664599	sub-755664599	Mus musculus	F
sub-755664609	sub-755664609	Mus musculus	M
sub-755664855	sub-755664855	Mus musculus	M
sub-756223583	sub-756223583	Mus musculus	M
sub-757080785	sub-757080785	Mus musculus	F
sub-757080819	sub-757080819	Mus musculus	M
sub-758112336	sub-758112336	Mus musculus	M
sub-758112346	sub-758112346	Mus musculus	F
sub-758112356	sub-758112356	Mus musculus	M
sub-758112368	sub-758112368	Mus musculus	M
sub-758112382	sub-758112382	Mus musculus	M
sub-758112406	sub-758112406	Mus musculus	M
sub-758112418	sub-758112418	Mus musculus	F
sub-758112430	sub-758112430	Mus musculus	M
sub-758112440	sub-758112440	Mus musculus	M
sub-758112450	sub-758112450	Mus musculus	F
sub-758112460	sub-758112460	Mus musculus	M
sub-758113069	sub-758113069	Mus musculus	F
sub-758113079	sub-758113079	Mus musculus	F
sub-758113089	sub-758113089	Mus musculus	M
sub-758113099	sub-758113099	Mus musculus	F
sub-760005563	sub-760005563	Mus musculus	M
sub-760005573	sub-760005573	Mus musculus	F
sub-760005583	sub-760005583	Mus musculus	F
sub-760005593	sub-760005593	Mus musculus	F
sub-760005603	sub-760005603	Mus musculus	M
sub-760005613	sub-760005613	Mus musculus	M
sub-760005623	sub-760005623	Mus musculus	F
sub-760005637	sub-760005637	Mus musculus	M
sub-760005669	sub-760005669	Mus musculus	F
sub-760005680	sub-760005680	Mus musculus	F
sub-760006157	sub-760006157	Mus musculus	M
sub-760006169	sub-760006169	Mus musculus	M
sub-760006181	sub-760006181	Mus musculus	M
sub-761831940	sub-761831940	Mus musculus	M
sub-761831950	sub-761831950	Mus musculus	F
sub-761831960	sub-761831960	Mus musculus	M
sub-761831970	sub-761831970	Mus musculus	M
sub-761831980	sub-761831980	Mus musculus	M
sub-761831990	sub-761831990	Mus musculus	M
sub-761832020	sub-761832020	Mus musculus	M
sub-761832032	sub-761832032	Mus musculus	F
sub-761832044	sub-761832044	Mus musculus	M
sub-761832054	sub-761832054	Mus musculus	F
sub-761832064	sub-761832064	Mus musculus	F
sub-761832074	sub-761832074	Mus musculus	F
sub-764895450	sub-764895450	Mus musculus	M
sub-764895460	sub-764895460	Mus musculus	M
sub-764895480	sub-764895480	Mus musculus	F
sub-764895500	sub-764895500	Mus musculus	F
sub-764895520	sub-764895520	Mus musculus	M
sub-764895568	sub-764895568	Mus musculus	F
sub-764895580	sub-764895580	Mus musculus	F
sub-764895628	sub-764895628	Mus musculus	F
sub-767486828	sub-767486828	Mus musculus	M
sub-767486862	sub-767486862	Mus musculus	M
sub-767486883	sub-767486883	Mus musculus	M
sub-767486907	sub-767486907	Mus musculus	M
sub-767486933	sub-767486933	Mus musculus	F
sub-767486959	sub-767486959	Mus musculus	F
sub-767486982	sub-767486982	Mus musculus	F
sub-767487024	sub-767487024	Mus musculus	F
sub-767487068	sub-767487068	Mus musculus	M
sub-767487117	sub-767487117	Mus musculus	F
sub-767487139	sub-767487139	Mus musculus	F
sub-767487157	sub-767487157	Mus musculus	M
sub-775275366	sub-775275366	Mus musculus	M
sub-775275376	sub-775275376	Mus musculus	M
sub-775275386	sub-775275386	Mus musculus	F
sub-775275396	sub-775275396	Mus musculus	M
sub-775275406	sub-775275406	Mus musculus	M
sub-775275416	sub-775275416	Mus musculus	M
sub-775275436	sub-775275436	Mus musculus	F
sub-775275461	sub-775275461	Mus musculus	F
sub-775275471	sub-775275471	Mus musculus	F
sub-775275481	sub-775275481	Mus musculus	M
sub-775275498	sub-775275498	Mus musculus	M
sub-775275512	sub-775275512	Mus musculus	F
sub-775275527	sub-775275527	Mus musculus	M
sub-775275539	sub-775275539	Mus musculus	F
sub-782818178	sub-782818178	Mus musculus	M
sub-782818243	sub-782818243	Mus musculus	M
sub-782818300	sub-782818300	Mus musculus	M
sub-782818329	sub-782818329	Mus musculus	M
sub-782818448	sub-782818448	Mus musculus	F
sub-782818475	sub-782818475	Mus musculus	M
sub-782818501	sub-782818501	Mus musculus	M
sub-782818534	sub-782818534	Mus musculus	M
sub-782818567	sub-782818567	Mus musculus	M
sub-782818593	sub-782818593	Mus musculus	M
sub-790588016	sub-790588016	Mus musculus	M
sub-790588029	sub-790588029	Mus musculus	M
sub-790588039	sub-790588039	Mus musculus	M
sub-790588064	sub-790588064	Mus musculus	M
sub-790588075	sub-790588075	Mus musculus	F
sub-790588085	sub-790588085	Mus musculus	M
sub-790588184	sub-790588184	Mus musculus	F
sub-790588197	sub-790588197	Mus musculus	M
sub-794242456	sub-794242456	Mus musculus	M
sub-794242498	sub-794242498	Mus musculus	M
sub-794242514	sub-794242514	Mus musculus	M
sub-794242536	sub-794242536	Mus musculus	M
sub-794242751	sub-794242751	Mus musculus	M
sub-794933904	sub-794933904	Mus musculus	F
sub-794933954	sub-794933954	Mus musculus	M
sub-799064343	sub-799064343	Mus musculus	M
sub-799064369	sub-799064369	Mus musculus	M
sub-799064387	sub-799064387	Mus musculus	M
sub-799065231	sub-799065231	Mus musculus	M
sub-799065250	sub-799065250	Mus musculus	M
sub-799131067	sub-799131067	Mus musculus	F
sub-799131079	sub-799131079	Mus musculus	F
sub-799297358	sub-799297358	Mus musculus	M
sub-802861263	sub-802861263	Mus musculus	M
sub-803072212	sub-803072212	Mus musculus	M
sub-803072222	sub-803072222	Mus musculus	F
sub-803072232	sub-803072232	Mus musculus	F
sub-803072274	sub-803072274	Mus musculus	F
sub-803072285	sub-803072285	Mus musculus	M
sub-803072306	sub-803072306	Mus musculus	M
sub-803072316	sub-803072316	Mus musculus	M
sub-803072326	sub-803072326	Mus musculus	F
sub-803072358	sub-803072358	Mus musculus	F
sub-803072974	sub-803072974	Mus musculus	F
sub-805647689	sub-805647689	Mus musculus	M
sub-805647699	sub-805647699	Mus musculus	M
sub-805647710	sub-805647710	Mus musculus	M
sub-805647731	sub-805647731	Mus musculus	M
sub-805647742	sub-805647742	Mus musculus	F
sub-805647754	sub-805647754	Mus musculus	F
sub-805647766	sub-805647766	Mus musculus	M
sub-805647803	sub-805647803	Mus musculus	M
sub-805647828	sub-805647828	Mus musculus	M
sub-806551038	sub-806551038	Mus musculus	M
sub-806551049	sub-806551049	Mus musculus	M
sub-806551059	sub-806551059	Mus musculus	F
sub-809076392	sub-809076392	Mus musculus	M
sub-809076455	sub-809076455	Mus musculus	F
sub-809076486	sub-809076486	Mus musculus	M
sub-809277295	sub-809277295	Mus musculus	F
sub-812386012	sub-812386012	Mus musculus	M
sub-812386023	sub-812386023	Mus musculus	F
sub-812386045	sub-812386045	Mus musculus	M
sub-812386057	sub-812386057	Mus musculus	M
sub-812386070	sub-812386070	Mus musculus	M
sub-812386083	sub-812386083	Mus musculus	F
sub-812386096	sub-812386096	Mus musculus	F
sub-812386108	sub-812386108	Mus musculus	M
sub-812386122	sub-812386122	Mus musculus	M
sub-812387428	sub-812387428	Mus musculus	F
sub-812985816	sub-812985816	Mus musculus	F
sub-815493543	sub-815493543	Mus musculus	M
sub-815493554	sub-815493554	Mus musculus	M
sub-815493564	sub-815493564	Mus musculus	M
sub-815493574	sub-815493574	Mus musculus	M
sub-815493650	sub-815493650	Mus musculus	M
sub-815493663	sub-815493663	Mus musculus	F
sub-815493676	sub-815493676	Mus musculus	F
sub-815494012	sub-815494012	Mus musculus	M
sub-815494026	sub-815494026	Mus musculus	F
sub-819254252	sub-819254252	Mus musculus	M
sub-819254269	sub-819254269	Mus musculus	F
sub-819254280	sub-819254280	Mus musculus	M
sub-819254321	sub-819254321	Mus musculus	M
sub-819254331	sub-819254331	Mus musculus	M
sub-819254341	sub-819254341	Mus musculus	M
sub-819254351	sub-819254351	Mus musculus	F
sub-819254363	sub-819254363	Mus musculus	F
sub-819493409	sub-819493409	Mus musculus	F
sub-819493419	sub-819493419	Mus musculus	F
sub-822442500	sub-822442500	Mus musculus	M
sub-822442580	sub-822442580	Mus musculus	M
sub-822442638	sub-822442638	Mus musculus	M
sub-822442658	sub-822442658	Mus musculus	M
sub-822442681	sub-822442681	Mus musculus	F
sub-825548640	sub-825548640	Mus musculus	M
sub-825548652	sub-825548652	Mus musculus	M
sub-825548677	sub-825548677	Mus musculus	M
sub-825548689	sub-825548689	Mus musculus	F
sub-825548701	sub-825548701	Mus musculus	M
sub-825548714	sub-825548714	Mus musculus	M
sub-825548739	sub-825548739	Mus musculus	M
sub-825548755	sub-825548755	Mus musculus	M
sub-825548771	sub-825548771	Mus musculus	M
sub-825548818	sub-825548818	Mus musculus	F
sub-827914362	sub-827914362	Mus musculus	M
sub-829286757	sub-829286757	Mus musculus	F
sub-829286767	sub-829286767	Mus musculus	F
sub-829286777	sub-829286777	Mus musculus	M
sub-829286789	sub-829286789	Mus musculus	M
sub-829287079	sub-829287079	Mus musculus	F
sub-829287091	sub-829287091	Mus musculus	M
sub-833280508	sub-833280508	Mus musculus	M
sub-833280518	sub-833280518	Mus musculus	F
sub-833280529	sub-833280529	Mus musculus	F
sub-833281299	sub-833281299	Mus musculus	M
sub-833281310	sub-833281310	Mus musculus	F
sub-833281321	sub-833281321	Mus musculus	M
sub-833281331	sub-833281331	Mus musculus	M
sub-833281342	sub-833281342	Mus musculus	M
sub-833281352	sub-833281352	Mus musculus	F
sub-836125503	sub-836125503	Mus musculus	M
sub-836125537	sub-836125537	Mus musculus	M
sub-836125553	sub-836125553	Mus musculus	M
sub-836125567	sub-836125567	Mus musculus	F
sub-836125640	sub-836125640	Mus musculus	F
sub-836127696	sub-836127696	Mus musculus	M
sub-836127712	sub-836127712	Mus musculus	M
sub-836127723	sub-836127723	Mus musculus	M
sub-839065358	sub-839065358	Mus musculus	M
sub-839065432	sub-839065432	Mus musculus	M
sub-839065452	sub-839065452	Mus musculus	M
sub-839065476	sub-839065476	Mus musculus	M
sub-839065509	sub-839065509	Mus musculus	F
sub-839065526	sub-839065526	Mus musculus	F
sub-839065548	sub-839065548	Mus musculus	M
sub-839065578	sub-839065578	Mus musculus	F
sub-839065713	sub-839065713	Mus musculus	M
sub-839065743	sub-839065743	Mus musculus	M
sub-842380469	sub-842380469	Mus musculus	F
sub-842380479	sub-842380479	Mus musculus	F
sub-842380489	sub-842380489	Mus musculus	F
sub-842380499	sub-842380499	Mus musculus	F
sub-842380509	sub-842380509	Mus musculus	M
sub-842380531	sub-842380531	Mus musculus	F
sub-842380550	sub-842380550	Mus musculus	F
sub-842380566	sub-842380566	Mus musculus	F
sub-842380578	sub-842380578	Mus musculus	F
sub-842380590	sub-842380590	Mus musculus	F
sub-842380602	sub-842380602	Mus musculus	F
sub-842380940	sub-842380940	Mus musculus	F
sub-842380950	sub-842380950	Mus musculus	F
sub-844940716	sub-844940716	Mus musculus	M
sub-844940727	sub-844940727	Mus musculus	M
sub-844940737	sub-844940737	Mus musculus	M
sub-844940748	sub-844940748	Mus musculus	F
sub-844941245	sub-844941245	Mus musculus	M
sub-844941269	sub-844941269	Mus musculus	M
sub-844941307	sub-844941307	Mus musculus	M
sub-844941326	sub-844941326	Mus musculus	M
sub-844941341	sub-844941341	Mus musculus	M
sub-848629946	sub-848629946	Mus musculus	M
sub-848629958	sub-848629958	Mus musculus	F
sub-848629970	sub-848629970	Mus musculus	F
sub-848630023	sub-848630023	Mus musculus	M
sub-853105385	sub-853105385	Mus musculus	M
sub-853715043	sub-853715043	Mus musculus	M
sub-853715067	sub-853715067	Mus musculus	M
sub-853715088	sub-853715088	Mus musculus	F
sub-853715112	sub-853715112	Mus musculus	F
sub-853715134	sub-853715134	Mus musculus	M
sub-853715156	sub-853715156	Mus musculus	M
sub-853715182	sub-853715182	Mus musculus	F
sub-853715204	sub-853715204	Mus musculus	F
sub-853717190	sub-853717190	Mus musculus	F
sub-856672374	sub-856672374	Mus musculus	M
sub-856672385	sub-856672385	Mus musculus	F
sub-856672395	sub-856672395	Mus musculus	F
sub-856672409	sub-856672409	Mus musculus	F
sub-856673117	sub-856673117	Mus musculus	F
sub-859736306	sub-859736306	Mus musculus	M
sub-859736327	sub-859736327	Mus musculus	F
sub-859736370	sub-859736370	Mus musculus	F
sub-859736400	sub-859736400	Mus musculus	M
sub-859736425	sub-859736425	Mus musculus	M
sub-859736439	sub-859736439	Mus musculus	F
sub-859736459	sub-859736459	Mus musculus	F
sub-861754513	sub-861754513	Mus musculus	F
sub-864489736	sub-864489736	Mus musculus	F
sub-864489769	sub-864489769	Mus musculus	F
sub-864489796	sub-864489796	Mus musculus	F
sub-864489819	sub-864489819	Mus musculus	M
sub-864489846	sub-864489846	Mus musculus	M
sub-864489869	sub-864489869	Mus musculus	M
sub-864489910	sub-864489910	Mus musculus	F
sub-864489923	sub-864489923	Mus musculus	F
sub-868713184	sub-868713184	Mus musculus	F
sub-868713200	sub-868713200	Mus musculus	F
sub-868713220	sub-868713220	Mus musculus	F
sub-868713243	sub-868713243	Mus musculus	F
sub-868713258	sub-868713258	Mus musculus	M
sub-868713276	sub-868713276	Mus musculus	M
sub-868713302	sub-868713302	Mus musculus	M
sub-868713317	sub-868713317	Mus musculus	F
sub-868713341	sub-868713341	Mus musculus	M
sub-868713372	sub-868713372	Mus musculus	M
sub-868713387	sub-868713387	Mus musculus	M
sub-877347876	sub-877347876	Mus musculus	F
sub-881374649	sub-881374649	Mus musculus	M
sub-881374661	sub-881374661	Mus musculus	F
sub-881374742	sub-881374742	Mus musculus	M
sub-881374761	sub-881374761	Mus musculus	F
sub-881378646	sub-881378646	Mus musculus	F
sub-885375403	sub-885375403	Mus musculus	M
sub-885375416	sub-885375416	Mus musculus	M
sub-885375430	sub-885375430	Mus musculus	F
sub-885375443	sub-885375443	Mus musculus	M
sub-885375472	sub-885375472	Mus musculus	M
sub-885375506	sub-885375506	Mus musculus	F
sub-885375520	sub-885375520	Mus musculus	M
sub-885375536	sub-885375536	Mus musculus	M
sub-885375554	sub-885375554	Mus musculus	M
sub-885375570	sub-885375570	Mus musculus	F
sub-889551920	sub-889551920	Mus musculus	M
sub-889551932	sub-889551932	Mus musculus	M
sub-889551957	sub-889551957	Mus musculus	M
sub-889551983	sub-889551983	Mus musculus	M
sub-889552264	sub-889552264	Mus musculus	M
sub-889552276	sub-889552276	Mus musculus	F
sub-894285831	sub-894285831	Mus musculus	M
sub-894285944	sub-894285944	Mus musculus	M
sub-894285971	sub-894285971	Mus musculus	M
sub-894285997	sub-894285997	Mus musculus	M
sub-894287222	sub-894287222	Mus musculus	M
sub-894287271	sub-894287271	Mus musculus	M
sub-899526480	sub-899526480	Mus musculus	F
sub-899526510	sub-899526510	Mus musculus	F
sub-899526566	sub-899526566	Mus musculus	M
sub-899526705	sub-899526705	Mus musculus	F
sub-899526733	sub-899526733	Mus musculus	M
sub-899526769	sub-899526769	Mus musculus	M
sub-899526804	sub-899526804	Mus musculus	F
sub-902290710	sub-902290710	Mus musculus	M
sub-902290725	sub-902290725	Mus musculus	M
sub-902290737	sub-902290737	Mus musculus	M
sub-902290751	sub-902290751	Mus musculus	F
sub-907862449	sub-907862449	Mus musculus	M
sub-907862473	sub-907862473	Mus musculus	F
sub-907862529	sub-907862529	Mus musculus	M
sub-907862552	sub-907862552	Mus musculus	F
sub-907862629	sub-907862629	Mus musculus	F
sub-907862708	sub-907862708	Mus musculus	M
sub-911031953	sub-911031953	Mus musculus	F
sub-911031965	sub-911031965	Mus musculus	M
sub-911031991	sub-911031991	Mus musculus	F
sub-911032005	sub-911032005	Mus musculus	M
sub-911032029	sub-911032029	Mus musculus	M
sub-911032053	sub-911032053	Mus musculus	F
sub-911725038	sub-911725038	Mus musculus	M
sub-914420024	sub-914420024	Mus musculus	M
sub-914420038	sub-914420038	Mus musculus	F
sub-914420054	sub-914420054	Mus musculus	F
sub-914420066	sub-914420066	Mus musculus	F
sub-914420078	sub-914420078	Mus musculus	M
sub-914420091	sub-914420091	Mus musculus	M
sub-914420110	sub-914420110	Mus musculus	F
sub-914420134	sub-914420134	Mus musculus	F
sub-914420147	sub-914420147	Mus musculus	F
sub-914420159	sub-914420159	Mus musculus	F
sub-917154087	sub-917154087	Mus musculus	F
sub-918438561	sub-918438561	Mus musculus	M
sub-918438574	sub-918438574	Mus musculus	M
sub-918438586	sub-918438586	Mus musculus	M
sub-918438599	sub-918438599	Mus musculus	M
sub-918438614	sub-918438614	Mus musculus	M
sub-918438631	sub-918438631	Mus musculus	M
sub-918438646	sub-918438646	Mus musculus	M
sub-918438684	sub-918438684	Mus musculus	F
sub-922885270	sub-922885270	Mus musculus	M
sub-922885296	sub-922885296	Mus musculus	F
sub-922885324	sub-922885324	Mus musculus	M
sub-922885337	sub-922885337	Mus musculus	F
sub-922886364	sub-922886364	Mus musculus	M
sub-922886377	sub-922886377	Mus musculus	F
sub-922886419	sub-922886419	Mus musculus	M
sub-922886434	sub-922886434	Mus musculus	M
sub-924289335	sub-924289335	Mus musculus	M
sub-934128927	sub-934128927	Mus musculus	M
sub-934128952	sub-934128952	Mus musculus	M
sub-938461904	sub-938461904	Mus musculus	M
sub-938461934	sub-938461934	Mus musculus	M
sub-938461987	sub-938461987	Mus musculus	M
sub-938462014	sub-938462014	Mus musculus	M
sub-938462065	sub-938462065	Mus musculus	F
sub-942633636	sub-942633636	Mus musculus	M
sub-942633653	sub-942633653	Mus musculus	M
sub-942633666	sub-942633666	Mus musculus	F
sub-942633698	sub-942633698	Mus musculus	F
sub-948346165	sub-948346165	Mus musculus	M
sub-948346177	sub-948346177	Mus musculus	M
sub-948346189	sub-948346189	Mus musculus	M
sub-948346238	sub-948346238	Mus musculus	F
sub-948348856	sub-948348856	Mus musculus	M
sub-948348870	sub-948348870	Mus musculus	M
sub-948348933	sub-948348933	Mus musculus	F
sub-948348959	sub-948348959	Mus musculus	F
sub-959090058	sub-959090058	Mus musculus	M
sub-959090099	sub-959090099	Mus musculus	M
sub-959090120	sub-959090120	Mus musculus	F
sub-961065463	sub-961065463	Mus musculus	F
sub-964727557	sub-964727557	Mus musculus	M
sub-964727585	sub-964727585	Mus musculus	M
sub-964998591	sub-964998591	Mus musculus	F
sub-967547936	sub-967547936	Mus musculus	M
sub-967547978	sub-967547978	Mus musculus	F
sub-967548033	sub-967548033	Mus musculus	F
sub-972004945	sub-972004945	Mus musculus	M
sub-972332978	sub-972332978	Mus musculus	F
sub-973628758	sub-973628758	Mus musculus	F
sub-974588666	sub-974588666	Mus musculus	F
sub-974588699	sub-974588699	Mus musculus	F
sub-974588712	sub-974588712	Mus musculus	F
sub-974588747	sub-974588747	Mus musculus	M
sub-977022299	sub-977022299	Mus musculus	M
sub-982382865	sub-982382865	Mus musculus	M
sub-982382878	sub-982382878	Mus musculus	M
sub-982382907	sub-982382907	Mus musculus	M
sub-982382956	sub-982382956	Mus musculus	M
sub-985724239	sub-985724239	Mus musculus	F
sub-985736113	sub-985736113	Mus musculus	F
sub-985736139	sub-985736139	Mus musculus	F
sub-985736169	sub-985736169	Mus musculus	F
sub-985736195	sub-985736195	Mus musculus	F
sub-985736223	sub-985736223	Mus musculus	M
sub-985736238	sub-985736238	Mus musculus	F
sub-992385481	sub-992385481	Mus musculus	M
sub-992385491	sub-992385491	Mus musculus	M
sub-992385538	sub-992385538	Mus musculus	M
sub-992385550	sub-992385550	Mus musculus	F
sub-992435487	sub-992435487	Mus musculus	M
